Workbook

Sheet Test Cases
A1: TC ID | B1: SRS Requirement | C1: Module | D1: Level | E1: Type | F1: Description | G1: Input / Precondition | H1: Expected Result | I1: Actual Result | J1: Status | K1: Evidence | L1: Remarks
A2: TC-Auth-01.1 | B2: BOOK-F-001 | C2: Authentication | D2: Integration | E2: Normal | F2: Register with valid details | G2: name=Test User, email=testuser1@example.com, password=Test@1234 | H2: 201 Created; user saved in DB; response has no password field | J2: Not Run | K2: 1a.jpg, 1b.jpg | L2: authController.unit.test.js
A3: TC-Auth-01.2 | B3: BOOK-F-001 | C3: Authentication | D3: Integration | E3: Invalid | F3: Register with duplicate email | G3: Same email as an existing user | H3: 400/409; error message; only 1 user in DB for that email | J3: Not Run | K3: 1a.jpg, 1b.jpg | L3: authController.unit.test.js
A4: TC-Auth-01.3 | B4: BOOK-F-001 | C4: Authentication | D4: Integration | E4: Invalid | F4: Duplicate email with different letter case | G4: TESTUSER1@example.com when testuser1@example.com exists | H4: Rejected as duplicate (email compared case-insensitively) | J4: Not Run | K4: 3.jpg | L4: Test written; not executed - MongoDB download failed on tester's machine
A5: TC-Auth-01.4 | B5: BOOK-F-001 | C5: Authentication | D5: Unit | E5: Invalid | F5: Weak password rejected | G5: password=12345, password=password, password=abcdefgh | H5: 400; complexity error message | J5: Not Run | K5: 1a.jpg, 1b.jpg | L5: authController.unit.test.js
A6: TC-Auth-01.5 | B6: BOOK-F-001 | C6: Authentication | D6: Unit | E6: Invalid | F6: Missing required fields | G6: Request without name / email / password (one at a time) | H6: 400; message names the missing field | J6: Not Run | K6: 1a.jpg, 1b.jpg, 2.jpg | L6: authController.unit.test.js; auth.validation.api.test.js
A7: TC-Auth-01.6 | B7: BOOK-F-001 | C7: Authentication | D7: Unit | E7: Invalid | F7: Invalid email format | G7: email=abc, abc@, @example.com, a b@example.com | H7: 400; invalid email message | J7: Not Run | K7: 1a.jpg, 1b.jpg | L7: authController.unit.test.js
A8: TC-Auth-01.7 | B8: BOOK-F-001 | C8: Authentication | D8: Unit | E8: Boundary | F8: Password exactly at minimum length (assumed 8, meets complexity) | G8: password=Ab@12345 | H8: Accepted | J8: Not Run | K8: 1a.jpg, 1b.jpg | L8: authController.unit.test.js
A9: TC-Auth-01.8 | B9: BOOK-F-001 | C9: Authentication | D9: Unit | E9: Boundary | F9: Password one character below minimum | G9: password=Ab@1234 (7 chars) | H9: Rejected | J9: Not Run | K9: 1a.jpg, 1b.jpg | L9: authController.unit.test.js
A10: TC-Auth-01.9 | B10: BOOK-F-001 | C10: Authentication | D10: Unit | E10: Boundary | F10: Name at maximum length vs one over (assumed 50) | G10: name of 50 chars / 51 chars | H10: 50 accepted; 51 rejected | J10: Not Run | K10: 1a.jpg, 1b.jpg | L10: authController.unit.test.js
A11: TC-Auth-01.10 | B11: BOOK-F-001 | C11: Authentication | D11: Unit | E11: Invalid | F11: Whitespace-only name / email / password | G11: ' ' | H11: 400; treated as empty | J11: Not Run | K11: 1a.jpg, 1b.jpg | L11: authController.unit.test.js
A12: TC-Auth-02.1 | B12: BOOK-F-002 | C12: Authentication | D12: Integration | E12: Normal | F12: Login with correct credentials | G12: Registered email + correct password | H12: 200; {token, user}; token is a valid JWT | J12: Not Run | K12: 1a.jpg, 1b.jpg | L12: authController.unit.test.js
A13: TC-Auth-02.2 | B13: BOOK-F-002 | C13: Authentication | D13: Integration | E13: Invalid | F13: Login with wrong password | G13: Registered email + wrong password | H13: 401 invalid credentials; no token | J13: Not Run | K13: 1a.jpg, 1b.jpg | L13: authController.unit.test.js
... A85: TC-Int-03 | B85: F-009/010/011 | C85: Integration | D85: Integration | E85: Normal | F85: Tests are isolated | G85: Run suite twice; DB cleared between tests | H85: Same results both runs (no leftover data) | J85: Not Run | K85: 3.jpg | L85: Test written; not executed - MongoDB download failed on tester's machine

Sheet Summary
A1: Test Execution Summary - Online Bookstore (Team 12)
A2: Tester: D Sai Karthik (PES2UG24CS141) | Branch: feature/testing | Update the Status column on 'Test Cases'; this sheet recalculates.
A4: Module | B4: Total | C4: Pass | D4: Fail | E4: Blocked | F4: Not Run | G4: Pass %
A5: Authentication | B5: =COUNTIF('Test Cases'!$C$2:$C$85,A5) -> 41 | C5: =COUNTIFS('Test Cases'!$C$2:$C$85,$A5,'Test Cases'!$J$2:$J$85,"Pass") -> 0 | D5: =COUNTIFS('Test Cases'!$C$2:$C$85,$A5,'Test Cases'!$J$2:$J$85,"Fail") -> 0 | E5: =COUNTIFS('Test Cases'!$C$2:$C$85,$A5,'Test Cases'!$J$2:$J$85,"Blocked") -> 0 | F5: =COUNTIFS('Test Cases'!$C$2:$C$85,$A5,'Test Cases'!$J$2:$J$85,"Not Run") -> 41 | G5: =IF(B5=0,0,C5/B5) -> 0
A6: Catalog & Search | B6: =COUNTIF('Test Cases'!$C$2:$C$85,A6) -> 21 | C6: =COUNTIFS('Test Cases'!$C$2:$C$85,$A6,'Test Cases'!$J$2:$J$85,"Pass") -> 0 | D6: =COUNTIFS('Test Cases'!$C$2:$C$85,$A6,'Test Cases'!$J$2:$J$85,"Fail") -> 0 | E6: =COUNTIFS('Test Cases'!$C$2:$C$85,$A6,'Test Cases'!$J$2:$J$85,"Blocked") -> 0 | F6: =COUNTIFS('Test Cases'!$C$2:$C$85,$A6,'Test Cases'!$J$2:$J$85,"Not Run") -> 21 | G6: =IF(B6=0,0,C6/B6) -> 0
A7: Listing | B7: =COUNTIF('Test Cases'!$C$2:$C$85,A7) -> 19 | C7: =COUNTIFS('Test Cases'!$C$2:$C$85,$A7,'Test Cases'!$J$2:$J$85,"Pass") -> 0 | D7: =COUNTIFS('Test Cases'!$C$2:$C$85,$A7,'Test Cases'!$J$2:$J$85,"Fail") -> 0 | E7: =COUNTIFS('Test Cases'!$C$2:$C$85,$A7,'Test Cases'!$J$2:$J$85,"Blocked") -> 0 | F7: =COUNTIFS('Test Cases'!$C$2:$C$85,$A7,'Test Cases'!$J$2:$J$85,"Not Run") -> 19 | G7: =IF(B7=0,0,C7/B7) -> 0
A8: Integration | B8: =COUNTIF('Test Cases'!$C$2:$C$85,A8) -> 3 | C8: =COUNTIFS('Test Cases'!$C$2:$C$85,$A8,'Test Cases'!$J$2:$J$85,"Pass") -> 0 | D8: =COUNTIFS('Test Cases'!$C$2:$C$85,$A8,'Test Cases'!$J$2:$J$85,"Fail") -> 0 | E8: =COUNTIFS('Test Cases'!$C$2:$C$85,$A8,'Test Cases'!$J$2:$J$85,"Blocked") -> 0 | F8: =COUNTIFS('Test Cases'!$C$2:$C$85,$A8,'Test Cases'!$J$2:$J$85,"Not Run") -> 3 | G8: =IF(B8=0,0,C8/B8) -> 0
A9: TOTAL | B9: =SUM(B5:B8) -> 84 | C9: =SUM(C5:C8) -> 0 | D9: =SUM(D5:D8) -> 0 | E9: =SUM(E5:E8) -> 0 | F9: =SUM(F5:F8) -> 84 | G9: =IF(B9=0,0,C9/B9) -> 0
A11: By test type
A12: Normal | B12: =COUNTIF('Test Cases'!$E$2:$E$85,A12) -> 25
A13: Invalid | B13: =COUNTIF('Test Cases'!$E$2:$E$85,A13) -> 41
A14: Boundary | B14: =COUNTIF('Test Cases'!$E$2:$E$85,A14) -> 18

Sheet Assumptions - Confirm
A1: # | B1: Assumption used in test cases | C1: Source / Reason | D1: Confirm with team (update expected result if different)
A2: 1 | B2: Password minimum length = 8 with upper, lower, digit, special character | C2: SRS says 'complexity rules' but never defines them | D2: Backend owner (auth)
A3: 2 | B3: Name max length = 50; title max length = 200 | C3: Not stated in SRS/SAD; typical defaults | D3: Backend owner
A4: 3 | B4: Price must be > 0; stock must be a non-negative integer | C4: Reasonable business rule, not stated | D4: Listing owner
A5: 4 | B5: Duplicate email returns 400 or 409 | C5: SAD does not specify the code | D5: Backend owner
A6: 5 | B6: Register, reset-password, search, browse, edit/delete listing and profile routes follow REST naming | C6: SAD lists only login, create listing, create order, order status | D6: Get real route list / Swagger file
A7: 6 | B7: Default page size = 10; page query params are page and limit | C7: Not stated | D7: Catalog owner
A8: 7 | B8: Accounts must verify email before login (SRS F-001 comment 'Email verification required') | C8: No flow described | D8: Auth owner - if yes, add unverified-login test
A9: 8 | B9: Reset token valid 30 minutes and single-use | C9: SRS AC-003 (confirmed) | D9: -
A10: 9 | B10: Lockout: 5 consecutive failures = 15 min lock, HTTP 423 | C10: SRS SR-004 and SAD API table (confirmed) | D10: -
A11: 10 | B11: Test emails/data are dummy only (e.g. testuser1@example.com) | C11: STP section 11 | D11: -
